-- -- create table customers (
-- -- 	id serial primary key,
-- -- 	first_name VARCHAR(50),
-- -- 	last_name VARCHAR(50),
-- -- 	birthdate varchar(50),
-- -- 	moneyspent VARCHAR(50),
-- -- 	anniversary varchar(50)
-- -- );
-- -- insert into customers (id, first_name, last_name, birthdate, moneyspent, anniversary) values (1, '', '', '6/28/2021', '$8.51', '9/29/2014');
-- -- insert into customers (id, first_name, last_name, birthdate, moneyspent, anniversary) values (2, '', '', '3/9/2017', '$9.60', '11/11/2021');
-- -- insert into customers (id, first_name, last_name, birthdate, moneyspent, anniversary) values (3, '', '', '1/31/2022', '$4.23', '6/25/2011');
-- -- insert into customers (id, first_name, last_name, birthdate, moneyspent, anniversary) values (4, '', '', '12/12/2008', '$0.14', '2/6/2014');
-- -- insert into customers (id, first_name, last_name, birthdate, moneyspent, anniversary) values (5, '', '', '2/2/2007', '$8.48', '1/26/2014');
-- -- insert into customers (id, first_name, last_name, birthdate, moneyspent, anniversary) values (6, '', '', '8/24/2006', '$9.98', '4/4/2020');
-- -- insert into customers (id, first_name, last_name, birthdate, moneyspent, anniversary) values (7, '', '', '3/25/2007', '$2.39', '6/29/2015');
-- -- insert into customers (id, first_name, last_name, birthdate, moneyspent, anniversary) values (8, '', '', '4/8/2009', '$2.05', '1/15/2021');
-- -- insert into customers (id, first_name, last_name, birthdate, moneyspent, anniversary) values (9, '', '', '5/26/2009', '$4.56', '12/29/2016');
-- -- insert into customers (id, first_name, last_name, birthdate, moneyspent, anniversary) values (10, '', '', '11/17/2023', '$0.31', '11/6/2012');
-- -- insert into customers (id, first_name, last_name, birthdate, moneyspent, anniversary) values (11, '', '', '11/26/2021', '$6.85', '8/12/2020');
-- -- insert into customers (id, first_name, last_name, birthdate, moneyspent, anniversary) values (12, '', '', '9/25/2023', '$6.30', '8/12/2010');
-- -- insert into customers (id, first_name, last_name, birthdate, moneyspent, anniversary) values (13, '', '', '7/26/2007', '$9.07', '5/22/2014');
-- -- insert into customers (id, first_name, last_name, birthdate, moneyspent, anniversary) values (14, '', '', '4/22/2007', '$4.38', '12/25/2022');
-- -- insert into customers (id, first_name, last_name, birthdate, moneyspent, anniversary) values (15, '', '', '7/10/2009', '$4.18', '6/23/2011');
-- -- insert into customers (id, first_name, last_name, birthdate, moneyspent, anniversary) values (16, '', '', '7/22/2023', '$1.60', '4/27/2017');
-- -- insert into customers (id, first_name, last_name, birthdate, moneyspent, anniversary) values (17, '', '', '6/5/2012', '$0.12', '3/12/2022');
-- -- insert into customers (id, first_name, last_name, birthdate, moneyspent, anniversary) values (18, '', '', '7/31/2010', '$7.37', '11/16/2022');
-- -- insert into customers (id, first_name, last_name, birthdate, moneyspent, anniversary) values (19, '', '', '9/28/2019', '$3.19', '1/7/2016');
-- -- insert into customers (id, first_name, last_name, birthdate, moneyspent, anniversary) values (20, '', '', '9/22/2007', '$7.37', '1/29/2017');
-- -- insert into customers (id, first_name, last_name, birthdate, moneyspent, anniversary) values (21, '', '', '6/28/2023', '$5.79', '1/12/2018');
-- -- insert into customers (id, first_name, last_name, birthdate, moneyspent, anniversary) values (22, '', '', '7/24/2016', '$4.83', '7/23/2021');
-- -- insert into customers (id, first_name, last_name, birthdate, moneyspent, anniversary) values (23, '', '', '2/9/2017', '$6.22', '9/8/2017');
-- -- insert into customers (id, first_name, last_name, birthdate, moneyspent, anniversary) values (24, '', '', '1/22/2021', '$9.73', '2/11/2013');
-- -- insert into customers (id, first_name, last_name, birthdate, moneyspent, anniversary) values (25, '', '', '5/14/2010', '$5.25', '1/18/2018');
-- -- insert into customers (id, first_name, last_name, birthdate, moneyspent, anniversary) values (26, '', '', '2/9/2010', '$1.82', '1/24/2011');
-- -- insert into customers (id, first_name, last_name, birthdate, moneyspent, anniversary) values (27, '', '', '6/27/2014', '$0.01', '6/24/2010');
-- -- insert into customers (id, first_name, last_name, birthdate, moneyspent, anniversary) values (28, '', '', '8/31/2023', '$0.84', '4/18/2016');
-- -- insert into customers (id, first_name, last_name, birthdate, moneyspent, anniversary) values (29, '', '', '9/6/2007', '$2.69', '7/20/2019');
-- -- insert into customers (id, first_name, last_name, birthdate, moneyspent, anniversary) values (30, '', '', '2/17/2015', '$7.59', '3/12/2016');


-- create table employes (
-- 	id serial primary key,
-- 	first_name VARCHAR(50),
-- 	last_name VARCHAR(50),
-- 	birthdate varchar(50)
-- );
-- insert into employes (id, first_name, last_name, birthdate) values (1, '', '', '10/28/2023');
-- insert into employes (id, first_name, last_name, birthdate) values (2, '', '', '8/31/2023');
-- insert into employes (id, first_name, last_name, birthdate) values (3, '', '', '4/4/2024');
-- insert into employes (id, first_name, last_name, birthdate) values (4, '', '', '6/14/2023');
-- insert into employes (id, first_name, last_name, birthdate) values (5, '', '', '10/19/2023');
-- insert into employes (id, first_name, last_name, birthdate) values (6, '', '', '6/20/2023');
-- insert into employes (id, first_name, last_name, birthdate) values (7, '', '', '10/14/2023');
-- insert into employes (id, first_name, last_name, birthdate) values (8, '', '', '7/12/2023');
-- insert into employes (id, first_name, last_name, birthdate) values (9, '', '', '9/19/2023');
-- insert into employes (id, first_name, last_name, birthdate) values (10, '', '', '2/7/2024');
-- insert into employes (id, first_name, last_name, birthdate) values (11, '', '', '7/25/2023');
-- insert into employes (id, first_name, last_name, birthdate) values (12, '', '', '3/26/2024');
-- insert into employes (id, first_name, last_name, birthdate) values (13, '', '', '12/16/2023');
-- insert into employes (id, first_name, last_name, birthdate) values (14, '', '', '9/21/2023');
-- insert into employes (id, first_name, last_name, birthdate) values (15, '', '', '3/7/2024');
-- insert into employes (id, first_name, last_name, birthdate) values (16, '', '', '1/15/2024');
-- insert into employes (id, first_name, last_name, birthdate) values (17, '', '', '12/12/2023');
-- insert into employes (id, first_name, last_name, birthdate) values (18, '', '', '9/15/2023');
-- insert into employes (id, first_name, last_name, birthdate) values (19, '', '', '7/27/2023');
-- insert into employes (id, first_name, last_name, birthdate) values (20, '', '', '12/23/2023');
-- insert into employes (id, first_name, last_name, birthdate) values (21, '', '', '5/5/2024');
-- insert into employes (id, first_name, last_name, birthdate) values (22, '', '', '7/27/2023');
-- insert into employes (id, first_name, last_name, birthdate) values (23, '', '', '9/6/2023');
-- insert into employes (id, first_name, last_name, birthdate) values (24, '', '', '7/5/2023');
-- insert into employes (id, first_name, last_name, birthdate) values (25, '', '', '2/14/2024');
-- insert into employes (id, first_name, last_name, birthdate) values (26, '', '', '1/21/2024');
-- insert into employes (id, first_name, last_name, birthdate) values (27, '', '', '5/27/2023');
-- insert into employes (id, first_name, last_name, birthdate) values (28, '', '', '6/6/2023');
-- insert into employes (id, first_name, last_name, birthdate) values (29, '', '', '12/25/2023');
-- insert into employes (id, first_name, last_name, birthdate) values (30, '', '', '4/11/2024');
-- insert into employes (id, first_name, last_name, birthdate) values (31, '', '', '8/27/2023');
-- insert into employes (id, first_name, last_name, birthdate) values (32, '', '', '10/24/2023');
-- insert into employes (id, first_name, last_name, birthdate) values (33, '', '', '10/15/2023');
-- insert into employes (id, first_name, last_name, birthdate) values (34, '', '', '2/12/2024');
-- insert into employes (id, first_name, last_name, birthdate) values (35, '', '', '4/18/2024');
-- insert into employes (id, first_name, last_name, birthdate) values (36, '', '', '4/9/2024');
-- insert into employes (id, first_name, last_name, birthdate) values (37, '', '', '1/12/2024');
-- insert into employes (id, first_name, last_name, birthdate) values (38, '', '', '2/3/2024');
-- insert into employes (id, first_name, last_name, birthdate) values (39, '', '', '1/2/2024');
-- insert into employes (id, first_name, last_name, birthdate) values (40, '', '', '2/6/2024');
-- insert into employes (id, first_name, last_name, birthdate) values (41, '', '', '5/24/2024');
-- insert into employes (id, first_name, last_name, birthdate) values (42, '', '', '9/9/2023');
-- insert into employes (id, first_name, last_name, birthdate) values (43, '', '', '3/3/2024');
-- insert into employes (id, first_name, last_name, birthdate) values (44, '', '', '9/12/2023');
-- insert into employes (id, first_name, last_name, birthdate) values (45, '', '', '9/8/2023');
-- insert into employes (id, first_name, last_name, birthdate) values (46, '', '', '12/18/2023');
-- insert into employes (id, first_name, last_name, birthdate) values (47, '', '', '6/30/2023');
-- insert into employes (id, first_name, last_name, birthdate) values (48, '', '', '5/21/2024');
-- insert into employes (id, first_name, last_name, birthdate) values (49, '', '', '6/1/2023');
-- insert into employes (id, first_name, last_name, birthdate) values (50, '', '', '6/24/2023');
-- insert into employes (id, first_name, last_name, birthdate) values (51, '', '', '4/25/2024');
-- insert into employes (id, first_name, last_name, birthdate) values (52, '', '', '9/3/2023');
-- insert into employes (id, first_name, last_name, birthdate) values (53, '', '', '12/8/2023');
-- insert into employes (id, first_name, last_name, birthdate) values (54, '', '', '9/7/2023');
-- insert into employes (id, first_name, last_name, birthdate) values (55, '', '', '6/22/2023');
-- insert into employes (id, first_name, last_name, birthdate) values (56, '', '', '6/30/2023');
-- insert into employes (id, first_name, last_name, birthdate) values (57, '', '', '2/22/2024');
-- insert into employes (id, first_name, last_name, birthdate) values (58, '', '', '11/14/2023');
-- insert into employes (id, first_name, last_name, birthdate) values (59, '', '', '2/23/2024');
-- insert into employes (id, first_name, last_name, birthdate) values (60, '', '', '6/27/2023');
-- insert into employes (id, first_name, last_name, birthdate) values (61, '', '', '7/10/2023');
-- insert into employes (id, first_name, last_name, birthdate) values (62, '', '', '5/27/2023');
-- insert into employes (id, first_name, last_name, birthdate) values (63, '', '', '6/27/2023');
-- insert into employes (id, first_name, last_name, birthdate) values (64, '', '', '11/2/2023');
-- insert into employes (id, first_name, last_name, birthdate) values (65, '', '', '8/8/2023');
-- insert into employes (id, first_name, last_name, birthdate) values (66, '', '', '4/9/2024');
-- insert into employes (id, first_name, last_name, birthdate) values (67, '', '', '3/29/2024');
-- insert into employes (id, first_name, last_name, birthdate) values (68, '', '', '3/31/2024');
-- insert into employes (id, first_name, last_name, birthdate) values (69, '', '', '7/8/2023');
-- insert into employes (id, first_name, last_name, birthdate) values (70, '', '', '5/6/2024');
-- insert into employes (id, first_name, last_name, birthdate) values (71, '', '', '1/10/2024');
-- insert into employes (id, first_name, last_name, birthdate) values (72, '', '', '3/10/2024');
-- insert into employes (id, first_name, last_name, birthdate) values (73, '', '', '5/29/2023');
-- insert into employes (id, first_name, last_name, birthdate) values (74, '', '', '9/23/2023');
-- insert into employes (id, first_name, last_name, birthdate) values (75, '', '', '2/26/2024');
-- insert into employes (id, first_name, last_name, birthdate) values (76, '', '', '10/4/2023');
-- insert into employes (id, first_name, last_name, birthdate) values (77, '', '', '12/18/2023');
-- insert into employes (id, first_name, last_name, birthdate) values (78, '', '', '5/26/2023');
-- insert into employes (id, first_name, last_name, birthdate) values (79, '', '', '8/24/2023');
-- insert into employes (id, first_name, last_name, birthdate) values (80, '', '', '12/19/2023');
-- insert into employes (id, first_name, last_name, birthdate) values (81, '', '', '3/25/2024');
-- insert into employes (id, first_name, last_name, birthdate) values (82, '', '', '7/28/2023');
-- insert into employes (id, first_name, last_name, birthdate) values (83, '', '', '5/24/2024');
-- insert into employes (id, first_name, last_name, birthdate) values (84, '', '', '9/13/2023');
-- insert into employes (id, first_name, last_name, birthdate) values (85, '', '', '7/14/2023');
-- insert into employes (id, first_name, last_name, birthdate) values (86, '', '', '2/5/2024');
-- insert into employes (id, first_name, last_name, birthdate) values (87, '', '', '9/19/2023');
-- insert into employes (id, first_name, last_name, birthdate) values (88, '', '', '5/1/2024');
-- insert into employes (id, first_name, last_name, birthdate) values (89, '', '', '10/12/2023');
-- insert into employes (id, first_name, last_name, birthdate) values (90, '', '', '6/28/2023');
-- insert into employes (id, first_name, last_name, birthdate) values (91, '', '', '1/31/2024');
-- insert into employes (id, first_name, last_name, birthdate) values (92, '', '', '12/17/2023');
-- insert into employes (id, first_name, last_name, birthdate) values (93, '', '', '4/16/2024');
-- insert into employes (id, first_name, last_name, birthdate) values (94, '', '', '12/14/2023');
-- insert into employes (id, first_name, last_name, birthdate) values (95, '', '', '10/25/2023');
-- insert into employes (id, first_name, last_name, birthdate) values (96, '', '', '11/27/2023');
-- insert into employes (id, first_name, last_name, birthdate) values (97, '', '', '10/23/2023');
-- insert into employes (id, first_name, last_name, birthdate) values (98, '', '', '8/2/2023');
-- insert into employes (id, first_name, last_name, birthdate) values (99, '', '', '9/7/2023');
-- insert into employes (id, first_name, last_name, birthdate) values (100, '', '', '11/8/2023');


-- -- create table productss (
-- -- 	id serial primary key,
-- -- 	category VARCHAR(50),
-- -- 	price VARCHAR(50)
-- -- );
-- -- insert into productss (id, category, price) values (1, '', '$8.55');
-- -- insert into productss (id, category, price) values (2, '', '$5.51');
-- -- insert into productss (id, category, price) values (3, '', '$4.78');
-- -- insert into productss (id, category, price) values (4, '', '$7.37');
-- -- insert into productss (id, category, price) values (5, '', '$7.74');
-- -- insert into productss (id, category, price) values (6, '', '$4.90');
-- -- insert into productss (id, category, price) values (7, '', '$1.31');
-- -- insert into productss (id, category, price) values (8, '', '$6.11');
-- -- insert into productss (id, category, price) values (9, '', '$9.03');
-- -- insert into productss (id, category, price) values (10, '', '$8.83');
-- -- insert into productss (id, category, price) values (11, '', '$4.05');
-- -- insert into productss (id, category, price) values (12, '', '$1.93');
-- -- insert into productss (id, category, price) values (13, '', '$4.92');
-- -- insert into productss (id, category, price) values (14, '', '$7.40');
-- -- insert into productss (id, category, price) values (15, '', '$7.72');
-- -- insert into productss (id, category, price) values (16, '', '$6.77');
-- -- insert into productss (id, category, price) values (17, '', '$6.83');
-- -- insert into productss (id, category, price) values (18, '', '$0.83');
-- -- insert into productss (id, category, price) values (19, '', '$7.16');
-- -- insert into productss (id, category, price) values (20, '', '$8.28');
-- -- insert into productss (id, category, price) values (21, '', '$9.28');
-- -- insert into productss (id, category, price) values (22, '', '$4.23');
-- -- insert into productss (id, category, price) values (23, '', '$3.36');
-- -- insert into productss (id, category, price) values (24, '', '$0.03');
-- -- insert into productss (id, category, price) values (25, '', '$1.33');
-- -- insert into productss (id, category, price) values (26, '', '$5.97');
-- -- insert into productss (id, category, price) values (27, '', '$5.97');
-- -- insert into productss (id, category, price) values (28, '', '$9.44');
-- -- insert into productss (id, category, price) values (29, '', '$7.85');
-- -- insert into productss (id, category, price) values (30, '', '$0.63');
-- -- insert into productss (id, category, price) values (31, '', '$8.82');
-- -- insert into productss (id, category, price) values (32, '', '$4.81');
-- -- insert into productss (id, category, price) values (33, '', '$2.82');
-- -- insert into productss (id, category, price) values (34, '', '$7.35');
-- -- insert into productss (id, category, price) values (35, '', '$6.19');
-- -- insert into productss (id, category, price) values (36, '', '$4.33');
-- -- insert into productss (id, category, price) values (37, '', '$4.25');
-- -- insert into productss (id, category, price) values (38, '', '$1.08');
-- -- insert into productss (id, category, price) values (39, '', '$3.79');
-- -- insert into productss (id, category, price) values (40, '', '$9.76');
-- -- insert into productss (id, category, price) values (41, '', '$9.71');
-- -- insert into productss (id, category, price) values (42, '', '$9.74');
-- -- insert into productss (id, category, price) values (43, '', '$3.54');
-- -- insert into productss (id, category, price) values (44, '', '$9.52');
-- -- insert into productss (id, category, price) values (45, '', '$0.95');
-- -- insert into productss (id, category, price) values (46, '', '$9.27');
-- -- insert into productss (id, category, price) values (47, '', '$4.09');
-- -- insert into productss (id, category, price) values (48, '', '$2.75');
-- -- insert into productss (id, category, price) values (49, '', '$9.29');
-- -- insert into productss (id, category, price) values (50, '', '$4.94');
-- -- insert into productss (id, category, price) values (51, '', '$0.65');
-- -- insert into productss (id, category, price) values (52, '', '$2.08');
-- -- insert into productss (id, category, price) values (53, '', '$1.59');
-- -- insert into productss (id, category, price) values (54, '', '$8.54');
-- -- insert into productss (id, category, price) values (55, '', '$4.58');
-- -- insert into productss (id, category, price) values (56, '', '$2.09');
-- -- insert into productss (id, category, price) values (57, '', '$6.92');
-- -- insert into productss (id, category, price) values (58, '', '$8.26');
-- -- insert into productss (id, category, price) values (59, '', '$2.14');
-- -- insert into productss (id, category, price) values (60, '', '$9.27');
-- -- insert into productss (id, category, price) values (61, '', '$4.79');
-- -- insert into productss (id, category, price) values (62, '', '$3.41');
-- -- insert into productss (id, category, price) values (63, '', '$4.50');
-- -- insert into productss (id, category, price) values (64, '', '$9.58');
-- -- insert into productss (id, category, price) values (65, '', '$0.36');
-- -- insert into productss (id, category, price) values (66, '', '$7.42');
-- -- insert into productss (id, category, price) values (67, '', '$6.42');
-- -- insert into productss (id, category, price) values (68, '', '$9.08');
-- -- insert into productss (id, category, price) values (69, '', '$1.89');
-- -- insert into productss (id, category, price) values (70, '', '$5.61');
-- -- insert into productss (id, category, price) values (71, '', '$6.92');
-- -- insert into productss (id, category, price) values (72, '', '$3.12');
-- -- insert into productss (id, category, price) values (73, '', '$3.08');
-- -- insert into productss (id, category, price) values (74, '', '$8.11');
-- -- insert into productss (id, category, price) values (75, '', '$4.51');
-- -- insert into productss (id, category, price) values (76, '', '$6.72');
-- -- insert into productss (id, category, price) values (77, '', '$0.40');
-- -- insert into productss (id, category, price) values (78, '', '$3.68');
-- -- insert into productss (id, category, price) values (79, '', '$9.28');
-- -- insert into productss (id, category, price) values (80, '', '$9.33');
-- -- insert into productss (id, category, price) values (81, '', '$9.44');
-- -- insert into productss (id, category, price) values (82, '', '$2.34');
-- -- insert into productss (id, category, price) values (83, '', '$7.36');
-- -- insert into productss (id, category, price) values (84, '', '$3.60');
-- -- insert into productss (id, category, price) values (85, '', '$2.46');
-- -- insert into productss (id, category, price) values (86, '', '$4.64');
-- -- insert into productss (id, category, price) values (87, '', '$4.39');
-- -- insert into productss (id, category, price) values (88, '', '$2.89');
-- -- insert into productss (id, category, price) values (89, '', '$2.06');
-- -- insert into productss (id, category, price) values (90, '', '$1.04');
-- -- insert into productss (id, category, price) values (91, '', '$1.20');
-- -- insert into productss (id, category, price) values (92, '', '$7.51');
-- -- insert into productss (id, category, price) values (93, '', '$5.06');
-- -- insert into productss (id, category, price) values (94, '', '$0.13');
-- -- insert into productss (id, category, price) values (95, '', '$3.44');
-- -- insert into productss (id, category, price) values (96, '', '$6.29');
-- -- insert into productss (id, category, price) values (97, '', '$3.82');
-- -- insert into productss (id, category, price) values (98, '', '$3.73');
-- -- insert into productss (id, category, price) values (99, '', '$0.86');
-- -- insert into productss (id, category, price) values (100, '', '$0.03');


-- drop table orders;
-- create table if not exists orders (
-- 	id serial primary key,
-- 	customers_id INT, 
-- 	employes_id INT,
-- 	productss_id INT,
-- 	orderTotal VARCHAR(50),
-- 	orderdate varchar(500),
-- 	foreign key (customers_id) references customers(id),
-- 	foreign key (employes_id) references employees(id),
-- 	foreign key (productss_id) references productss(id)
-- );

-- insert into orders (id, customers_id, employes_id, productss_id, orderTotal, orderdate) values (1, 6, 24, 74, '$3179.94', '3/29/2024');
-- insert into orders (id, customers_id, employes_id, productss_id, orderTotal, orderdate) values (2, 6, 11, 67, '$3484.96', '3/31/2024');
-- insert into orders (id, customers_id, employes_id, productss_id, orderTotal, orderdate) values (3, 25, 19, 82, '$7858.88', '3/12/2024');
-- insert into orders (id, customers_id, employes_id, productss_id, orderTotal, orderdate) values (4, 28, 60, 32, '$779.84', '5/16/2024');
-- insert into orders (id, customers_id, employes_id, productss_id, orderTotal, orderdate) values (5, 7, 19, 61, '$5805.24', '2/25/2024');
-- insert into orders (id, customers_id, employes_id, productss_id, orderTotal, orderdate) values (6, 15, 95, 11, '$7424.64', '3/6/2024');
-- insert into orders (id, customers_id, employes_id, productss_id, orderTotal, orderdate) values (7, 18, 47, 59, '$6329.61', '4/2/2024');
-- insert into orders (id, customers_id, employes_id, productss_id, orderTotal, orderdate) values (8, 25, 80, 83, '$2933.57', '5/15/2024');
-- insert into orders (id, customers_id, employes_id, productss_id, orderTotal, orderdate) values (9, 9, 45, 78, '$1982.14', '4/21/2024');
-- insert into orders (id, customers_id, employes_id, productss_id, orderTotal, orderdate) values (10, 7, 2, 93, '$6586.16', '3/28/2024');
-- insert into orders (id, customers_id, employes_id, productss_id, orderTotal, orderdate) values (11, 14, 96, 77, '$8639.26', '4/19/2024');
-- insert into orders (id, customers_id, employes_id, productss_id, orderTotal, orderdate) values (12, 15, 27, 32, '$9861.48', '4/2/2024');
-- insert into orders (id, customers_id, employes_id, productss_id, orderTotal, orderdate) values (13, 28, 80, 81, '$4576.76', '3/19/2024');
-- insert into orders (id, customers_id, employes_id, productss_id, orderTotal, orderdate) values (14, 18, 36, 61, '$583.40', '5/11/2024');
-- insert into orders (id, customers_id, employes_id, productss_id, orderTotal, orderdate) values (15, 29, 22, 38, '$4147.59', '4/1/2024');
-- insert into orders (id, customers_id, employes_id, productss_id, orderTotal, orderdate) values (16, 23, 26, 43, '$848.23', '5/8/2024');
-- insert into orders (id, customers_id, employes_id, productss_id, orderTotal, orderdate) values (17, 7, 42, 33, '$6276.86', '5/15/2024');
-- insert into orders (id, customers_id, employes_id, productss_id, orderTotal, orderdate) values (18, 7, 64, 40, '$4984.70', '3/22/2024');
-- insert into orders (id, customers_id, employes_id, productss_id, orderTotal, orderdate) values (19, 9, 31, 77, '$7494.25', '3/2/2024');
-- insert into orders (id, customers_id, employes_id, productss_id, orderTotal, orderdate) values (20, 10, 75, 28, '$5058.12', '4/23/2024');
-- insert into orders (id, customers_id, employes_id, productss_id, orderTotal, orderdate) values (21, 16, 5, 22, '$3369.47', '4/26/2024');
-- insert into orders (id, customers_id, employes_id, productss_id, orderTotal, orderdate) values (22, 23, 40, 36, '$5593.75', '4/15/2024');
-- insert into orders (id, customers_id, employes_id, productss_id, orderTotal, orderdate) values (23, 9, 79, 97, '$6737.90', '3/3/2024');
-- insert into orders (id, customers_id, employes_id, productss_id, orderTotal, orderdate) values (24, 14, 71, 2, '$6811.12', '5/6/2024');
-- insert into orders (id, customers_id, employes_id, productss_id, orderTotal, orderdate) values (25, 28, 59, 62, '$3561.85', '4/12/2024');
-- insert into orders (id, customers_id, employes_id, productss_id, orderTotal, orderdate) values (26, 25, 37, 90, '$7628.24', '5/6/2024');
-- insert into orders (id, customers_id, employes_id, productss_id, orderTotal, orderdate) values (27, 20, 47, 26, '$532.76', '5/2/2024');
-- insert into orders (id, customers_id, employes_id, productss_id, orderTotal, orderdate) values (28, 12, 32, 67, '$4310.74', '3/10/2024');
-- insert into orders (id, customers_id, employes_id, productss_id, orderTotal, orderdate) values (29, 11, 9, 29, '$3609.32', '3/20/2024');
-- insert into orders (id, customers_id, employes_id, productss_id, orderTotal, orderdate) values (30, 16, 44, 48, '$7800.56', '4/26/2024');
-- insert into orders (id, customers_id, employes_id, productss_id, orderTotal, orderdate) values (31, 20, 97, 8, '$2283.33', '5/20/2024');
-- insert into orders (id, customers_id, employes_id, productss_id, orderTotal, orderdate) values (32, 17, 18, 12, '$4846.82', '5/6/2024');
-- insert into orders (id, customers_id, employes_id, productss_id, orderTotal, orderdate) values (33, 1, 37, 46, '$2821.12', '3/28/2024');
-- insert into orders (id, customers_id, employes_id, productss_id, orderTotal, orderdate) values (34, 13, 17, 12, '$1825.28', '5/7/2024');
-- insert into orders (id, customers_id, employes_id, productss_id, orderTotal, orderdate) values (35, 19, 14, 24, '$8558.39', '3/11/2024');
-- insert into orders (id, customers_id, employes_id, productss_id, orderTotal, orderdate) values (36, 21, 49, 74, '$7780.54', '5/9/2024');
-- insert into orders (id, customers_id, employes_id, productss_id, orderTotal, orderdate) values (37, 29, 74, 60, '$8255.76', '2/26/2024');
-- insert into orders (id, customers_id, employes_id, productss_id, orderTotal, orderdate) values (38, 12, 100, 58, '$9141.40', '3/4/2024');
-- insert into orders (id, customers_id, employes_id, productss_id, orderTotal, orderdate) values (39, 25, 44, 34, '$4638.03', '5/7/2024');
-- insert into orders (id, customers_id, employes_id, productss_id, orderTotal, orderdate) values (40, 29, 32, 79, '$3811.13', '5/9/2024');


-- select first_name,last_name,moneyspent,anniversary,orders.ordertotal,orders.orderdate from customers  join orders on customers.id=orders.customers_id;
-- select first_name,last_name,moneyspent,anniversary,orders.ordertotal,orders.orderdate from customers left join orders on customers.id=orders.customers_id;
-- select first_name,last_name,moneyspent,anniversary,orders.ordertotal,orders.orderdate from customers right join orders on customers.id=orders.customers_id;
-- select first_name,last_name,moneyspent,anniversary,orders.ordertotal,orders.orderdate from customers full join orders on customers.id=orders.customers_id;
-- select first_name,last_name,moneyspent,anniversary,orders.ordertotal,orders.orderdate from customers inner join orders on customers.id=orders.customers_id;
-- -- 
-- select catrgory,price,orders.ordretotal,orders.orderdate from productss  join orders on productss.id=orders.productss_id;
-- select catrgory,price,orders.ordretotal,orders.orderdate from productss left join orders on productss.id=orders.productss_id;
-- select catrgory,price,orders.ordretotal,orders.orderdate from productss right join orders on productss.id=orders.productss_id;
-- select catrgory,price,orders.ordretotal,orders.orderdate from productss full join orders on productss.id=orders.productss_id;
-- select catrgory,price,orders.ordretotal,orders.orderdate from productss inner join orders on productss.id=orders.productss_id;
